approach_id,family,name,primary_ref,year_venue,q1_graph,q2_edges,q3_topology_at_inference,q4_state_persists,q5_weight_sharing,q6_training,q7_scaling,q8_stability,q9_capacity,q10_more_iterations_help,q11_gpu,q12_repos,q13_best_results,q14_unexplored,claim_ids
A4-01,NAR,Neural execution of graph algorithms (MPNN-max executor),https://arxiv.org/abs/1910.10593,2019 arXiv (ICLR 2020 per PDF header),Encode-process-decode MPNN over the input graph; processor applied per algorithm step; learned termination network.,Fixed: the task graph.,No.,Yes: latent node states carried across algorithm steps.,Processor shared across steps and nodes.,Supervised on every intermediate algorithm step (hints) plus termination.,"Trained 20 nodes, tested 50 and 100 nodes.",Mean aggregation collapses OOD (21.40% at 100 nodes); max aggregation stable.,unknown,Learned halt capped at |V| steps; iteration count tied to algorithm.,unknown,unknown,Reachability last-step 99.80% at 100 nodes (MPNN-max) vs 91.51% GAT-full; unmatched params/FLOPs.,No looped-Transformer baseline at matched compute; no learned edges.,R4-001;R4-002;R4-003;R4-004;R4-005
A4-02,NAR,"CLRS-30 baselines (MPNN, PGN, GAT, Memnet, Deep Sets)",https://arxiv.org/abs/2205.15659,"2022 ICML (PMLR 162, per PDF)","Encode-process-decode GNN over a fully connected graph plus input graph, one processor step per hint step.",Fixed (fully connected execution model); PGN adds supervised pointer edges.,"PGN only, via supervised pointers.","Yes, across hint steps.",Processor shared across steps.,Hint-supervised teacher-forced rollouts; JAX/Haiku.,"Train 16 nodes, test 64 (4x).",Overfitting to training size: MPNN in-distribution gains do not transfer to 4x graphs.,unknown,unknown,"JAX/Haiku only (requirements list jax, dm-haiku).","google-deepmind/clrs, Apache-2.0, pushed 2026-09-29.","OOD average micro-F1: MPNN 44.99%, PGN 50.84%; strings ~3%. Unmatched FLOPs.",No looped-Transformer arm; test ladder only 4x.,R4-006;R4-007;R4-008;R4-009;R4-010;R4-142
A4-03,NAR,Triplet-GMPNN (generalist neural algorithmic learner),https://arxiv.org/abs/2209.11142,2022 arXiv (LoG 2022 per paper),Gated MPNN on fully connected graph with triplet (node-node-node) messages max-reduced into edge latents.,Fixed graph; edge latents updated each step.,"No (edge states change, connectivity does not).","Yes, node and edge latents persist.",Single processor shared across steps and 30 tasks.,Hint-supervised; per-node update gate.,Triplet messages are cubic in nodes per step.,Gate stabilises single-task learning; no gain multi-task.,unknown,unknown,unknown,google-deepmind/clrs (same repo).,CLRS-30 OOD average 74.14%; only 11/30 algorithms above 90%; Quickselect 0.47%. Unmatched params/FLOPs.,Edge creation instead of dense triplets; matched comparison with looped Transformer.,R4-011;R4-012;R4-013;R4-014;R4-015;R4-142
A4-04,NAR,Pointer Graph Networks,https://arxiv.org/abs/2006.06380,2020 arXiv (NeurIPS 2020),"GNN over input set/graph plus one inferred pointer edge per node, then message passing over pointers.",Learned per step via pointer prediction.,Yes: pointers change each step.,Yes.,Shared across steps.,"Pointers directly supervised from data-structure traces (DSU, link/cut trees).",unknown,unknown,Linear number of pointer edges keeps graph sparse.,unknown,unknown,unknown,"5x larger test inputs on dynamic connectivity, beating unrestricted GNNs and Deep Sets; unmatched.",Unsupervised pointer/edge discovery; top-k>1 pointers; comparison vs Transformers.,R4-016;R4-017;R4-018
A4-05,NAR,Neural Execution Engines,https://arxiv.org/abs/2006.08084,2020 arXiv (NeurIPS 2020),Transformer subroutine with learned conditional mask; predicted pointer modifies the mask at next invocation.,Learned mask = attention graph.,Yes: mask (graph) modified each step.,"Yes, via mask and pointer state.",Same subroutine reused across invocations.,Subroutine-level supervision; binary number encodings.,"Trained length <=8, tested up to 100.",Plain Transformer attention entropy rises with length (fuzzy attention).,unknown,unknown,unknown,"Yujun-Yan/Neural-Execution-Engines, no license, last push 2021.",Sorting length 100 near-perfect after training on <=8 (selection/merge sort).,End-to-end training without subroutine supervision.,R4-019;R4-020;R4-021;R4-163
A4-06,NAR,Deep Thinking nets / DT-Recall,https://arxiv.org/abs/2202.05826,2022 NeurIPS (per PDF),Weight-tied convolutional recurrent block on a grid; input re-injected each iteration (recall); readout head.,Fixed local (grid convolution).,No.,"Yes, latent grid state across iterations.",Single block shared across iterations.,BPTT with progressive loss over random iteration counts (at most 30 training iterations for prefix sums).,Prefix sums 32-bit to 512-bit; mazes 9x9 to 59x59 and larger.,Overthinking (degeneration when iterated far); fixed by recall + progressive loss.,Recurrent nets emulate deeper feed-forward nets with fewer parameters.,"Yes, far beyond training horizon: 237 iterations (prefix) and 984 (mazes) at peak.",unknown,aks2203/deep-thinking MIT; easy-to-hard-data MIT.,"512-bit prefix 97.12%; 59x59 mazes 97.30%; chess 82.69% vs FF 61.17%. Depth-matched, not FLOP-matched.",Graph (non-grid) substrate; learned topology; matched looped-Transformer comparison.,R4-022;R4-023;R4-024;R4-025;R4-026;R4-027;R4-028;R4-029;R4-030;R4-145;R4-146
A4-07,NAR,"Maze logical-extrapolation critique (DT-Net, PI-Net)",https://arxiv.org/abs/2410.03020,2024 arXiv,Pretrained DT-Net (recurrent CNN) and PI-Net (implicit/DEQ) maze solvers.,Fixed grid.,No.,Yes.,Yes.,Pretrained models re-evaluated; PI-Net uses Broyden solver.,"Maze size, percolation and deadend-start axes varied.",Limit cycles in non-fixed-point models; PI-Net needs Broyden threshold 1000.,unknown,Not for cycles: outputs unchanged by extra iterations once percolation > 0.,PI-Net solver memory scales with Broyden threshold.,unknown,DT-Net matches deadend-filling on 98.8% of 143k mazes; fails when mazes contain loops.,Training distributions that force general shortest-path algorithms.,R4-031;R4-032;R4-033;R4-034;R4-035;R4-036
A4-08,NAR,"SALSA-CLRS sparse baselines (GIN(E), PGN, RecGNN)",https://arxiv.org/abs/2309.12253,2023 LoG (extended abstract),Sparse message passing over the input graph only.,Fixed sparse input graph.,No.,RecGNN: yes.,RecGNN: shared across iterations.,Trained n<=16 ER graphs without hints.,"Tested up to n=1600 (100x) across ER, WS, Delaunay.",unknown,unknown,unknown,Sparse execution avoids CLRS OOM; PyTorch + PyG.,"jkminder/SALSA-CLRS, Apache-2.0, last push 2023-11.",BFS RecGNN 99.2% node acc at n=1600 ER but 55.6% Delaunay; DFS fails; Eccentricity graph-acc to 0%.,Learned edges and Transformer baselines on SALSA.,R4-040;R4-041;R4-042;R4-043;R4-143;R4-180
A4-09,NAR,Recurrent NAR (LSTM aggregator),https://arxiv.org/abs/2409.07154,2024 arXiv (extended abstract),Triplet-GMPNN-style processor with LSTM aggregation over ordered neighbours.,Fixed.,No.,Yes.,Shared.,Hint-supervised CLRS.,unknown,unknown,unknown,unknown,unknown,unknown,Quickselect 87% micro-F1 vs 0.47% for Triplet-GMPNN; same architecture except aggregator.,Order-sensitive aggregation inside a recurrent graph substrate.,R4-049;R4-050
A4-10,NAR,Discrete NAR / no-hint NAR / Hint-ReLIC (supervision variants),https://arxiv.org/abs/2402.11628,"2024 arXiv (DNAR); 2023 (no-hint, Hint-ReLIC)","GNN processors with discrete state bottlenecks (DNAR) or self-supervised regularisers (no-hint, Hint-ReLIC).",Fixed.,No.,Yes.,Shared.,DNAR: state-transition supervision; no-hint: final-output only plus regulariser; Hint-ReLIC: causal augmentation.,unknown,unknown,unknown,unknown,unknown,yandex-research/dnar Apache-2.0.,DNAR perfect test scores; no-hint sorting 98.7% vs 95.2%; Hint-ReLIC up to 3x OOD.,Whether such guarantees survive without algorithm-specific supervision.,R4-045;R4-046;R4-047;R4-048;R4-163
A4-11,NAR,ForgetNet / G-ForgetNet,https://arxiv.org/abs/2403.04929,2024 arXiv,CLRS processor without historical embeddings (Markov step); G-ForgetNet gates history back in.,Fixed.,No.,No (ForgetNet) / gated (G-ForgetNet).,Shared.,Hint-supervised.,unknown,"History removal hurts early training, motivating the gate.",unknown,unknown,unknown,unknown,unknown,Persistent state vs Markov state under free (unsupervised) latent dynamics.,R4-060
A4-12,NAR,Relational Transformer,https://arxiv.org/abs/2210.05062,2022 arXiv (ICLR 2023 per PDF),Transformer attention over all node pairs that also reads and updates edge vectors each layer.,Dense; learned edge vectors.,Edge states change; connectivity dense.,"Yes, node and edge states.",Not shared between layers.,CLRS hint training with tuned hyperparameters.,"Train 16, test 64.",unknown,unknown,unknown,unknown,unknown,CLRS OOD average 66.60% vs MPNN 49.23%; plain Transformer 42.34% vs RT 81.30% on 8 core tasks. Not param-matched.,Looped (weight-shared) RT on large-size ladders.,R4-175;R4-176;R4-177
A4-13,THEORY,Looped Transformer simulating graph algorithms,https://arxiv.org/abs/2402.01107,2024 arXiv,Looped Transformer block with extra attention heads that read the adjacency matrix.,Given input graph via attention heads.,No.,Yes (looped residual state).,Single block reused every loop.,Existence by construction (no training).,Parameters independent of graph size; precision limits node count.,Finite precision limits simulable graph size.,Constant parameters for any graph size (up to precision).,unknown,unknown,unknown,"Theorem: 17-layer, 3-head O(1)-width block simulates Dijkstra.",Learnability of these constructions from data.,R4-173;R4-174
A4-14,NAR,Recurrent Relational Network (Sudoku),https://arxiv.org/abs/1711.08028,2017 arXiv (NeurIPS 2018),"81 cell nodes, edges within row/column/box, shared MLP message and LSTM-style update, readout every node every step.",Fixed constraint graph.,No.,Yes.,Shared across steps and nodes.,"Loss at every step (deep supervision), 32 training steps.",unknown,unknown,unknown,"Yes: trained 32 steps, run 64 at test, 17-given accuracy rises to 96.6%.",unknown,"rasmusbergpalm/recurrent-relational-networks, no license.","96.6% on 17-given Sudokus; baselines are other solvers, unmatched.",Learned (non-given) constraint edges; size-scaled Sudoku (16x16).,R4-117;R4-118;R4-150
A4-15,CONN,Discovering Neural Wirings,https://arxiv.org/abs/1906.00586,2019 NeurIPS (per PDF),"Channels as nodes in a general graph; static (acyclic) or dynamic (cyclic, time-varying state) neural graphs.",Learned during training (edge weights swap in/out).,"No: learned once, fixed after training.",Dynamic variant: yes.,unknown,Joint weight and wiring learning in one training run.,unknown,unknown,unknown,unknown,unknown,"allenai/dnw, non-commercial license.",+10% ImageNet for MobileNetV1 at ~41M FLOPs (FLOP-matched).,Per-input or per-iteration wiring; reasoning tasks.,R4-086;R4-087;R4-088;R4-151
A4-16,CONN,"Dynamic sparse training (SET, RigL, Top-KAST)",https://arxiv.org/abs/1911.11134,"2017-2021 (RigL: ICML 2020, PMLR 119, per PDF)",Sparse layers in standard feed-forward nets.,"Learned during training: drop by magnitude, regrow by gradient (RigL) or randomly (SET).",No: static at inference.,No.,No.,Standard SGD with periodic topology updates; Top-KAST never computes dense gradients.,Fixed parameter count and compute throughout training.,unknown,SET: quadratically fewer parameters without accuracy loss (authors).,unknown,unknown,google-research/rigl Apache-2.0.,RigL ResNet-50 96.5% sparse: 72.75% top-1.,Topology updated per input or per inference step.,R4-089;R4-090;R4-091;R4-104;R4-152
A4-17,CONN,"Random / weight-agnostic topologies (RandWire, WANN)",https://arxiv.org/abs/1904.01569,2019 arXiv,Networks wired by random graph generators (RandWire) or searched topologies with one shared weight (WANN).,Random (generator) or evolved.,No.,No.,WANN: single shared weight.,RandWire: standard training; WANN: architecture search.,unknown,unknown,WANN: topology alone carries computation.,unknown,unknown,unknown,Random generators give competitive ImageNet accuracy.,Random-sparse control for learned-topology claims on reasoning.,R4-092;R4-093
A4-18,CONN,Recurrent Independent Mechanisms,https://arxiv.org/abs/1909.10893,2019 arXiv (venue not verified),k_T recurrent modules; input attention activates top-k_A; active modules communicate via key-value attention.,Attention among active modules.,Yes: active set chosen per step from state and input.,Yes; inactive modules keep state.,Each module has own parameters.,BPTT.,unknown,unknown,unknown,unknown,unknown,"anirudh9119/RIMs (PyTorch, no license).",Copying train 50/test 200 CE 0.00 vs Transformer 0.54; seq-MNIST 24x24 38.1% vs LSTM 21.9%.,Algorithmic size extrapolation; shared-weight modules.,R4-094;R4-095;R4-096;R4-097;R4-153
A4-19,CONN,Neural Production Systems,https://arxiv.org/abs/2103.01937,2021 arXiv (NeurIPS 2021),"Entity slots plus a set of rule templates; best-matching (rule, slot) pairs selected and applied.",Learned selection per step.,Yes: sparse rule-entity bindings each step.,"Yes, slot states.",Rules shared across entities.,unknown,unknown,unknown,unknown,unknown,unknown,unknown,unknown,Algorithmic benchmarks with size extrapolation.,R4-098;R4-099
A4-20,CONN,Shared Global Workspace,https://arxiv.org/abs/2103.01197,2021 arXiv (ICLR 2022),Specialist modules write to and read from a limited-capacity shared workspace (hub).,Learned competition for write access.,Yes: writers chosen per step.,Yes.,unknown,unknown,unknown,unknown,Capacity limits argued to encourage specialisation.,unknown,unknown,unknown,unknown,Workspace as hyperedge vs sparse pairwise edges on algorithmic tasks.,R4-100;R4-101
A4-21,CONN,Cannistraci-Hebb brain-inspired dynamic sparse training,https://arxiv.org/abs/2501.19107,2025 arXiv,Ultra-sparse MLP/Transformer layers initialised with bipartite receptive-field network model.,Gradient-free topology-driven link regrowth during training.,No.,No.,No.,Dynamic sparse training with density decay.,Earlier CHT was O(N d^3); GPU matrix approximation introduced.,unknown,5% connections beat dense on two MT tasks (authors).,unknown,Matrix-multiplication approximation for GPU.,unknown,Outperforms dense Transformers on two translation tasks at 5% connectivity; not param-matched.,Recurrent use; reasoning tasks.,R4-105;R4-106
A4-22,CONN,Resonant Sparse Geometry Networks,https://arxiv.org/abs/2601.18064,2026 arXiv,Nodes in learned hyperbolic space; input-dependent sparse connections decaying with geodesic distance.,Learned geometry; input-dependent.,"Yes, input-dependent.",unknown,unknown,Two-timescale learning incl. Hebbian.,O(n k) per layer claimed.,unknown,Claims 15x fewer parameters than Transformers on long-range task.,unknown,unknown,unknown,"Hierarchical 20-class: 23.8% (41,672 params) vs Transformer 30.1% (403,348); unmatched.",Independent replication; matched comparison.,R4-107;R4-108
A4-23,CONN,Continuous Thought Machine,https://arxiv.org/abs/2505.05522,2025 arXiv,Neurons with private history-processing weights; synchronisation matrix as latent; internal ticks.,unknown,unknown,"Yes, activation histories.",Per-neuron weights (not shared).,unknown,unknown,unknown,unknown,Maze 39x39 to 99x99 by sequential re-application.,unknown,SakanaAI/continuous-thought-machines Apache-2.0.,unknown,Matched comparison to looped Transformer on extrapolation ladders.,R4-111;R4-112;R4-159
A4-24,LOOP,HRM / TRM recursive reasoners (benchmark-level view),https://arxiv.org/abs/2510.04871,2025 arXiv,Tiny 2-layer network applied recursively to latent and answer states with deep supervision and ACT.,Dense attention or MLP mixing.,No.,"Yes, latent and answer states.",Single tiny network reused.,Deep supervision over up to 16 supervision steps; ACT halting.,unknown,No guarantee HRM reaches a fixed point.,7M parameters.,ARC: most accuracy at first recursion step; HRM gains come from training-time refinement.,unknown,TRM MIT archived; HRM Apache-2.0.,"Sudoku-Extreme 87.4% (MLP), Maze-Hard 85.3%, ARC-AGI-1 44.6%; same-size Transformer within ~5pp of HRM.",Size extrapolation (tasks are fixed-size).,R4-129;R4-130;R4-131;R4-132;R4-133;R4-158;R4-165;R4-166;R4-167;R4-170;R4-171
