claim_id,branch,claim,value,unit,status,source_url,locator,quote,source_date,retrieved,confidence,notes
R7-001,LOOP,LT2 replaces softmax attention inside a weight-tied looped Transformer with linear or sparse attention; LT2-sparse is the sparse arm,,,DESIGN,https://arxiv.org/abs/2605.20670,Abstract,We study two variants: LT2-linear with linear attention and LT2-sparse with sparse attention.,2026-05-22,2026-10-01,High,Closest Transformer-vocabulary hit: a looped Transformer with learned sparse (top-w) attention compared against a dense looped Transformer.
R7-002,ROUTE,"LT2 sparse mixers include NSA (top-w selected indices) and DSA (top-w selected by a lightning indexer), i.e. learned content-based top-k over the causal context",,,DESIGN,https://arxiv.org/abs/2605.20670,"§2.1, Table 1 (mixer state-update rules)",KV cache + compressed blocks; ℐ t : top- w selected indices,2026-05-22,2026-10-01,Medium,"Selection is block/token top-w over all previous tokens (causal LM), learned end-to-end; whether DSA indexer gets an auxiliary/distillation loss in LT2 is not stated in the text we read."
R7-003,LOOP,LT2 looped variants define a Looped Transformer as N shared blocks reused for T iterations,,,DESIGN,https://arxiv.org/abs/2605.20670,§2.1 Eq. (2),yielding effective depth T ⋅ N with only N unique parameter sets—a T × parameter reduction over a Transformer of equivalent depth.,2026-05-22,2026-10-01,High,
R7-004,BENCH,"LT2 synthetic state-tracking+recall task grows n=m along a curriculum and reports the largest stage solved (n_max), i.e. trained-at-size performance, not train-small/test-large extrapolation",256,tokens (max curriculum n),DESIGN,https://arxiv.org/abs/2605.20670,§3.6 Task and setup,"We tie n = m and grow them together along the curriculum { 8 , 16 , 32 , 64 , 128 , 256 } ; a model advances once eval accuracy reaches 0.90 within a 100 k-step budget.",2026-05-22,2026-10-01,High,"Models are trained at each stage before being scored there; this is a capacity/learnability measure, not size extrapolation."
R7-005,LOOP,"On LT2 state-tracking+recall, the dense Looped Transformer plateaus at n_max=64 at every loop count T",64,n_max,REPORTED,https://arxiv.org/abs/2605.20670,"§3.6, Figure 9",Looped Transformer and Looped Full+Window plateau at stage 4 ( n max = 64 ) and never reach stage 5 at any T .,2026-05-22,2026-10-01,High,4-layer 256-wide backbone; dense arm = softmax looped Transformer.
R7-006,ROUTE,"On LT2 state-tracking+recall, Looped NSA (learned top-k sparse attention in a loop) reaches n_max=128, double the dense looped Transformer",128,n_max,REPORTED,https://arxiv.org/abs/2605.20670,"§3.6, Figure 9","three subquadratic variants — Looped NSA, Looped GDN+Window, and Looped GDN+NSA — all reach stage 5 ( n max = 128 )",2026-05-22,2026-10-01,High,"Nearest published evidence that learned sparse routing inside a loop beats a dense looped Transformer on a synthetic task. Not size extrapolation; no sharpened (entmax) arm; single-number outcome, seeds not stated in the sentence."
R7-007,LOOP,LT2 compares sparse and dense looped arms at the same parameter budget,,,AUTHOR-CLAIM,https://arxiv.org/abs/2605.20670,§3.6 Comparison across architectures,a doubling of n max over the global-attention baseline at the same parameter budget.,2026-05-22,2026-10-01,High,Parameter-matched; FLOPs not matched (sparse arms spend fewer attention FLOPs per loop).
R7-008,LOOP,LT2 language-model comparisons hold loop count T=4 and parameter count fixed across variants,4,loops,REPORTED,https://arxiv.org/abs/2605.20670,§3.2 figure caption,All variants use T = 4 at matched parameter count.,2026-05-22,2026-10-01,Medium,Equal steps + equal params; FLOP matching not claimed.
R7-009,ROUTE,"In LT2, sparse looped variants train without loss spikes but end at slightly higher LM loss than the dense looped Transformer",,,AUTHOR-CLAIM,https://arxiv.org/abs/2605.20670,"§3.5, Figure 7 caption","Sparse looped variants train without the spikes seen in the full-attention loop, but reach a slightly higher final loss than the Looped Transformer.",2026-05-22,2026-10-01,High,LM pretraining at 0.6B/1.3B on FineWeb-Edu.
R7-010,LOOP,"In LT2 NIAH-Single-1 at 4096 tokens (trained at 2048), the dense Looped Transformer scores 0.0",0.0,% accuracy,REPORTED,https://arxiv.org/abs/2605.20670,"Table 5 (row Looped Transformer, NIAH-Single-1 4096 column)",Looped Transformer 52.8 49.4 61.7 68.2 33.6 28.1 100.0 100.0 0.0,2026-05-22,2026-10-01,Medium,Columns: SWDE SQD FDA TQA NQ DROP then NIAH-S1 at 1024/2048/4096; column assignment read from the flattened table.
R7-011,ROUTE,"In LT2 NIAH-Single-1 at 4096 tokens, Looped Hybrid (GDN+DSA) scores 91.4 vs 0.0 for the dense looped Transformer",91.4,% accuracy,REPORTED,https://arxiv.org/abs/2605.20670,"Table 5 (row Looped Hybrid (GDN+DSA), NIAH-Single-1 4096 column)",Looped Hybrid (GDN+DSA) 51.6 48.0 60.4 66.9 33.0 28.4 100.0 100.0 91.4,2026-05-22,2026-10-01,Medium,"Length extrapolation 2x on retrieval, but the sparse arm is confounded with a linear-attention (GDN) branch; no pure looped-sparse row in Table 5; LM-scale, not algorithmic size extrapolation."
R7-012,ROUTE,LT2 attributes better NIAH extrapolation to the GDN+DSA loop despite it having no quadratic component,,,AUTHOR-CLAIM,https://arxiv.org/abs/2605.20670,§3.7,"Looped Hybrid (GDN+DSA) tracks the Looped Transformer closely on the knowledge suite despite containing no quadratic component, and additionally extrapolates substantially better at NIAH-4096.",2026-05-22,2026-10-01,High,
R7-013,LOOP,"Looped Transformers on graph walks: the hidden state steers which transition a frozen shared loop performs, with attention routing as a causal pathway",,,AUTHOR-CLAIM,https://arxiv.org/abs/2609.39892,Abstract,"Together, these results show that the hidden state can control shared computation, with attention routing as a causal pathway.",2026-09-30,2026-10-01,High,"Interpretability study of dense-softmax looped models; no sparse/top-k arm, no architecture comparison."
R7-014,LOOP,"In native looped-Transformer trajectories, a loop can advance by different numbers of graph steps",,,AUTHOR-CLAIM,https://arxiv.org/abs/2609.39892,Abstract,showing that recurrent progress need not follow a fixed one-loop-one-step pattern.,2026-09-30,2026-10-01,High,Relevant to our step-budget design (D3): one loop ≠ one hop in learned dense loops.
R7-015,CONN,Wu et al. vary intermediate supervision across five matched pairs of graph-walk looped models,,,AUTHOR-CLAIM,https://arxiv.org/abs/2609.39892,Abstract,"Across five matched pairs of graph models, changing intermediate supervision during backbone training changes which transitions can induce.",2026-09-30,2026-10-01,High,
R7-016,ROUTE,"In recurrent-depth LMs, attention routing (support and distribution) stabilises across loops earlier than hidden states",,,AUTHOR-CLAIM,https://arxiv.org/abs/2609.27373,Abstract,the model first discovers a sparse working set of relevant context and then continues refining representations over largely the same routing support.,2026-09-27,2026-10-01,High,Empirical support that dense looped attention becomes effectively sparse and stable across steps; argues that per-step re-routing may be redundant late in the loop.
R7-017,ROUTE,WISE is training-free: global attention in early loops discovers a block working set that later loops reuse as routing support,,,DESIGN,https://arxiv.org/abs/2609.27373,Abstract,"a training-free method that uses unrestricted global attention during early recurrent steps to discover a block-structured working set, and then reuses it as the routing support in later steps",2026-09-27,2026-10-01,High,"Inference-time sparsification of a pretrained dense looped LM; no trained routing, no extrapolation on algorithmic tasks."
R7-018,BENCH,WISE is evaluated on multi-hop QA against full-attention inference,,,AUTHOR-CLAIM,https://arxiv.org/abs/2609.27373,Abstract,"Across multi-hop QA benchmarks, WISE largely preserves the behavior of full-attention inference",2026-09-27,2026-10-01,High,
R7-019,ROUTE,MoSA: each attention head selects its own k tokens by expert-choice routing (learned content-based top-k over all tokens),,,DESIGN,https://arxiv.org/abs/2505.00315,§2.2,where each attention head is treated like an expert and selects its own specific tokens from the input.,2025-05-01,2026-10-01,High,Not looped/weight-tied; LM only; no length or size extrapolation. Already-known Routing Transformer is its baseline.
R7-020,ROUTE,MoSA reports up to 27% better perplexity than dense attention at identical compute,27,% perplexity,REPORTED,https://arxiv.org/abs/2505.00315,Abstract,"MoSA is the only one that can outperform the dense baseline, sometimes with up to 27% better perplexity for an identical compute budget.",2025-05-01,2026-10-01,High,"IsoFLOP comparison, non-looped. Shows learned top-k routing can beat dense at equal FLOPs in LM."
R7-021,ROUTE,MoSA reduces per-head complexity from O(T^2) to O(k^2+T),,,DESIGN,https://arxiv.org/abs/2505.00315,Abstract,"By selecting k tokens from a sequence of length T , MoSA reduces the computational complexity of each attention head from O ⁡ ( T 2 ) to O ⁡ ( k 2 + T ) .",2025-05-01,2026-10-01,High,"Expert-choice: tokens are chosen by heads, not keys by queries — differs from per-query top-k."
R7-022,LOOP,UniMatrix is a Universal-Transformer-style family reusing a shared recurrent block across depth,,,DESIGN,https://arxiv.org/abs/2604.25930,Abstract,"We introduce UniMatrix , a Universal Transformer style family that reuses a shared recurrent block across depth and augments it with hybrid state updates",2026-04-01,2026-10-01,High,
R7-023,ROUTE,UniMatrix-SparsePointer (sparse slot routing + pointer-logit fusion) reaches 99.2% on synthetic associative recall,99.2,% accuracy,REPORTED,https://arxiv.org/abs/2604.25930,Abstract,"UniMatrix-SparsePointer , which adds sparse slot routing and direct pointer-logit fusion, reaches 75.6% on the original pilot recipe and 99.2% on a no-dropout follow-up",2026-04-01,2026-10-01,Medium,"Pilot study; baseline is a non-looped Transformer (25.4%); no looped dense baseline, no sharpened baseline, no length/size extrapolation."
R7-024,LOOP,ChainGPT (ICLR 2026) combines recurrent depth with state-guided sparse attention,,,DESIGN,https://mlanthology.org/iclr/2026/zheng2026iclr-chaingpt/,Abstract (ML Anthology mirror of ICLR 2026 paper),"Within each layer, ChainGPT employs multi-substep state updates combined with state-guided sparse attention, enabling deep local computation and efficient long-range modeling without quadratic costs.",2026-01-26,2026-10-01,Medium,LM/reasoning model; abstract gives no size/length extrapolation or looped-dense vs sharpened comparison.
R7-025,LOOP,ChainGPT full text (OpenReview kdZbxizwGK) not retrieved: OpenReview browser-verification challenge,,,ACCESS-FAILED,https://openreview.net/forum?id=kdZbxizwGK,OpenReview forum + PDF,,2026-01-26,2026-10-01,Low,"Secondary summaries say SGSA = sliding window + periodic anchors (fixed pattern, not learned top-k); unverified at primary source."
R7-026,DYN,Graph Machine constructs and revises relational edges across layers via edge-augmented attention and edge-centric referral,,,DESIGN,https://arxiv.org/abs/2608.06834,Abstract,this enables the model to dynamically and differentiably construct and revise relational graphs across layers.,2026-08-19,2026-10-01,High,"State-conditioned learned graph rebuilt per layer; soft (temperature-sharpened) edges, not top-k."
R7-027,DYN,Graph Machine scores 86.0% on Sudoku vs 71.7% for a same-scale Transformer,86.0,% accuracy,REPORTED,https://arxiv.org/abs/2608.06834,Table 1,"GM 1 × Each Node, edge 2.70 M 86.0 ± 3.7",2026-08-19,2026-10-01,High,"Fixed-size Sudoku, no size extrapolation; 2.70M vs 2.12M params (not param-matched); Transformer-sin-PE-2x with ~8x params reaches 86.3."
R7-028,DYN,"Graph Machine tests top-s address sparsity only in preliminary, dense-simulated experiments",,,DESIGN,https://arxiv.org/abs/2608.06834,§3.3 / appendix (address sparsity),"We conduct preliminary experiments on address sparsity by varying sparsity s , simulated using our dense algorithm and representation by masking non-top- s entries to 0 along the last dimension of edge addresses.",2026-08-19,2026-10-01,High,
R7-029,ROUTE,Graph Machine frames itself as filling the gap between dense-dynamic Transformers and fixed-routing sparse Transformers,,,AUTHOR-CLAIM,https://arxiv.org/abs/2608.06834,§2,"In contrast to vanilla Transformers with dynamic dense interactions and sparse Transformers with fixed routing, a sparse Graph Machine would provide sparse but dynamic attention.",2026-08-19,2026-10-01,High,"""would provide"" — proposed, not built."
R7-030,LOOP,Labovich (2026) states it is unclear whether looped Transformers extrapolate to harder problems by iterating more,,,AUTHOR-CLAIM,https://arxiv.org/abs/2604.15259,§1,Whether looped transformers actually achieve this extrapolation remains unclear.,2026-04-22,2026-10-01,High,
R7-031,LOOP,"Labovich trains single-layer looped Transformers on chess, sudoku and prefix-sums, varying recall and normalisation (dense attention only)",,,DESIGN,https://arxiv.org/abs/2604.15259,Abstract,"we train single-layer looped transformers on chess, sudoku, and prefix-sums and find that downstream performance tracks the framework’s predictions",2026-04-22,2026-10-01,High,No sparse/top-k or entmax arm found.
R7-032,LOOP,Plain TRM fails to extrapolate on A5 state tracking: 45.8% at length 128 after training on up to 32 updates,45.8,% accuracy,REPORTED,https://arxiv.org/abs/2606.18206,"§ length generalization, Figure 4","plain TRM fails to extrapolate: at length 128, TRM and TRM with ACT enabled both obtain 45.8 % ± 3.9 % on A 5",2026-06-16,2026-10-01,High,"Trained up to 32 updates, tested up to 128."
R7-033,LOOP,Adding a causal 1D convolution to TRM raises A5 length-128 accuracy to 91.4%,91.4,% accuracy,REPORTED,https://arxiv.org/abs/2606.18206,"§ length generalization, Figure 4","Adding a causal 1D convolution layer substantially improves length generalization, reaching 91.4 % ± 2.3 % on A 5",2026-06-16,2026-10-01,High,"Locality prior, not learned sparse routing — a competitor explanation for extrapolation gains."
R7-034,LOOP,"Block Universal Transformer extrapolates to unseen recurrent depths on Rule 30 more reliably than CoTFormer, but degrades",,,AUTHOR-CLAIM,https://arxiv.org/abs/2609.19521,Abstract,"On Rule 30 cellular automata, BUT extrapolates to unseen recurrent depths more reliably than CoTFormer, although its accuracy eventually degrades.",2026-09-17,2026-10-01,High,"Dense attention; depth extrapolation, no sparse arm."
R7-035,LOOP,Ray Chowdhury & Caragea suggest dense softmax noise in longer contexts may harm Universal Transformer length generalization,,,AUTHOR-CLAIM,https://arxiv.org/abs/2402.00976,§6 (ListOps / logical inference discussion),higher noise from dense softmax in longer contexts may still harm its length generalization,2025-01-21,2026-10-01,Medium,"Hypothesis offered, not tested with a sparse arm; supports the dispersion motivation."
R7-036,LOOP,Chunk-wise recurrence with a fixed attention window is more robust than depth-wise (UT) recurrence for length generalization,,,AUTHOR-CLAIM,https://arxiv.org/abs/2402.00976,§1 contributions,chunk-wise recurrence with its fixed recurrent attention window tends to show more robustness than depth-wise recurrence in length generalization and flip-flop language modeling,2025-01-21,2026-10-01,High,Fixed (not learned) sparsity; TMLR-era study; no top-k arm.
R7-037,THEORY,Golowich et al.: length generalization occurs when each predicted token depends on a small fixed number of previous tokens,,,THEOREM,https://arxiv.org/abs/2502.16792,Abstract; §4,"Conceptually, we show that length generalization occurs as long as each predicted token depends on a small (fixed) number of previous tokens.",2025-02-24,2026-10-01,High,Theory for an idealised sparse-attention hypothesis class; not looped; motivates k-sparse routing for extrapolation.
R7-038,THEORY,Golowich et al. formalise k-sparse planted correlation distributions on which idealised transformers length-generalize,,,THEOREM,https://arxiv.org/abs/2502.16792,Abstract,"We formalize such tasks via a notion we call k -sparse planted correlation distributions, and show that an idealized model of transformers which generalize attention heads successfully length-generalize on such tasks.",2025-02-24,2026-10-01,High,
R7-039,ROUTE,Vanishing variance: layer norm after attention outputs improves length generalization on argmax retrieval and dictionary lookup,,,AUTHOR-CLAIM,https://arxiv.org/abs/2504.02827,Abstract,"On the argmax retrieval and dictionary lookup tasks, our experiments show that applying layer normalization after the attention outputs leads to significantly better length generalization.",2025-04-03,2026-10-01,High,A third non-graph fix for dispersion (besides temperature and entmax) a reviewer may ask for.
R7-040,THEORY,Sparsemax and alpha-entmax attention correspond to compact-kernel (e.g. Epanechnikov) Nadaraya-Watson regression; top-k is a heuristic within this family,,,THEOREM,https://arxiv.org/abs/2601.22766,Abstract,This unified perspective explains how sparsity naturally emerges from kernel design and provides principled alternatives to heuristic top- attention and other associative memory mechanisms.,2026-05-08,2026-10-01,Medium,"""top-k"" symbol stripped in HTML extraction (""top- attention"")."
R7-041,ROUTE,Rectified-polynomial (alpha-entmax) kernels generalize strongly on MQMTAR length-generalization tasks in Memory Mosaics,,,AUTHOR-CLAIM,https://arxiv.org/abs/2601.22766,§4.3,"In contrast, our rectified polynomial kernels ( -entmax) exhibit strong and stable generalization, particularly on the MQMTAR task.",2026-05-08,2026-10-01,Medium,Non-looped; adds evidence that sharpened attention is the baseline to beat.
R7-042,THEORY,"For top-k truncation of a softmax distribution, total-variation distance equals the discarded tail mass",,,THEOREM,https://arxiv.org/abs/2512.07647,Abstract; §2,"For a single attention distribution and its Top- truncation , we show that the total-variation distance coincides with the discarded softmax tail mass",2025-12-08,2026-10-01,High,Gives the exact error of top-k vs dense softmax per step; useful for bounding the dense-vs-top-k gap per loop.
R7-043,ROUTE,Grouped Cross Attention learns end-to-end to retrieve top-k past chunks and reports length generalization far beyond pretraining context,,,DESIGN,https://arxiv.org/abs/2410.01651,Abstract,our key innovation allows the retriever to learn how to retrieve past chunks that better minimize the auto-regressive loss of subsequent tokens in an end-to-end manner.,2025-06-12,2026-10-01,High,Learned unsupervised (by LM loss) top-k chunk retrieval; not looped; LM passkey only.
R7-044,ROUTE,"Discrete Transformer uses hard attention strictly as an information-routing operator, discretised by temperature-annealed sampling",,,DESIGN,https://arxiv.org/abs/2601.05770,§3.2,"we employ a hard attention mechanism designed strictly as an information routing operator, rather than a feature mixer.",2026-05-29,2026-10-01,High,Algorithm-extraction focus; not looped; no extrapolation comparison vs dense.
R7-045,LOOP,"Sparse layers in looped LMs means top-k MoE FFNs (routing over experts), not sparse attention over tokens",,,DESIGN,https://arxiv.org/abs/2605.09165,§1 contributions,Replace dense FFNs with top-k MoE layers in looped LMs.,2026-06-30,2026-10-01,High,"Vocabulary trap: ""sparse looped"" hits are mostly MoE, not token routing."
R7-046,LOOP,Foil (looped MoE) ends 0.012 nat below the unflattened looped baseline at equal parameters and compute,0.012,nat,REPORTED,https://arxiv.org/abs/2609.35751,Abstract,the most flattened Foil ending 0.012 nat below the baseline at equal parameters and compute,2026-09-28,2026-10-01,High,"Expert routing, not token routing; LM only."
R7-047,LOOP,Gated Recurrent Transformer: a 3-layer recurrent model matches a 12-layer GPT-2 Small under an iso-FLOPs constraint,3,layers,REPORTED,https://arxiv.org/abs/2608.15062,Abstract,"Under an iso FLOPs constraint, a 3-layer Gated Recurrent Transformer matches the accuracy of a 12-layer GPT-2 Small baseline with similar training and inference FLOPs",2026-08-26,2026-10-01,High,Dense attention; LM; example of iso-FLOP looped evaluation protocol.
R7-048,THEORY,Length-generalizable softmax CoT transformers are Turing-complete (via CoT C-RASP),,,THEOREM,https://arxiv.org/abs/2511.20038,Abstract,we prove a stronger result that length-generalizable softmax CoT transformers are Turing-complete.,2025-11-25,2026-10-01,High,"Hard attention not required for this expressivity result; CoT, not looped."
R7-049,ROUTE,MiTA gathers top-k attended key-value pairs via landmark queries as routed experts,,,DESIGN,https://arxiv.org/abs/2602.01219,Abstract,which employs a small set of landmark queries to gather top- attended key-value pairs as query-aware and deformable routed experts,2026-09-27,2026-10-01,Medium,"Vision; non-looped; ""top-k"" symbol stripped in extraction."
R7-050,LOOP,"Persistent fast-slow latent recurrence improves OOD length generalization over recurrent, SSM and Transformer baselines",,,AUTHOR-CLAIM,https://arxiv.org/abs/2604.01577,Abstract,"Across these settings, persistent latent recurrence improves OOD generalization over recurrent, state-space, and Transformer baselines.",2026-07-08,2026-10-01,High,"Streaming recurrence, no sparse routing arm."
R7-051,LOOP,Fast-slow recurrence ablations single out state-dependent transitions and feature-wise nonlinear mixing for OOD performance,,,AUTHOR-CLAIM,https://arxiv.org/abs/2604.01577,Abstract,"we identify architectural ingredients that are consistently associated with strong OOD performance, including state-dependent transitions and feature-wise nonlinear mixing.",2026-07-08,2026-10-01,Medium,
